{
  "extensao": {
    "precision": 1.0,
    "recall": 0.9639236339697169,
    "f1-score": 0.9816304639313488,
    "support": 22785,
    "confused_with": {}
  },
  "construtor": {
    "precision": 1.0,
    "recall": 0.9156429156429157,
    "f1-score": 0.9559640872167593,
    "support": 12210,
    "confused_with": {}
  },
  "micro avg": {
    "precision": 1.0,
    "recall": 0.9470781540220031,
    "f1-score": 0.9728198655669378,
    "support": 34995
  },
  "macro avg": {
    "precision": 1.0,
    "recall": 0.9397832748063163,
    "f1-score": 0.968797275574054,
    "support": 34995
  },
  "weighted avg": {
    "precision": 1.0,
    "recall": 0.9470781540220031,
    "f1-score": 0.9726752857720363,
    "support": 34995
  },
  "accuracy": 0.9790628002939348
}